uf,scale,sheet_code,sheet_title,year,acervo_url,pdf_geologia_url,pdf_recursos_url,pdf_relatorio_url,sig_zip_url,status_download
AC,,,,,https://rigeo.sgb.gov.br/handle/doc/3025,,,,,200
AC,,,,,https://rigeo.sgb.gov.br/handle/doc/10293,,,,,200
AC,,,,,https://rigeo.sgb.gov.br/handle/doc/4632,,,,,200
AC,,,,,https://rigeo.sgb.gov.br/handle/doc/1846,,,,,200
AC,,,,,https://rigeo.sgb.gov.br/handle/doc/3574,,,,,200
AC,,,,,https://rigeo.sgb.gov.br/handle/doc/3165,,,,,200
AC,,,,,https://rigeo.sgb.gov.br/handle/doc/865,,,,,200
AC,,,,,https://rigeo.sgb.gov.br/handle/doc/3090,,,,,200
AC,,,,,https://rigeo.sgb.gov.br/handle/doc/17810,,,,https://rigeo.sgb.gov.br/bitstream/doc/17810/4/sig_manoelurbano_ac_risco.zip,200
AC,,,,,https://rigeo.sgb.gov.br/handle/doc/23828,,,,,200
AL,,,,,https://rigeo.sgb.gov.br/handle/doc/17161,,,,,200
AL,,,,,https://rigeo.sgb.gov.br/handle/doc/17169,,,,,200
AL,,,,,https://rigeo.sgb.gov.br/handle/doc/14738,,,,,200
AL,,,,,https://rigeo.sgb.gov.br/handle/doc/3212,,,,,200
AL,,,,,https://rigeo.sgb.gov.br/handle/doc/3267,,,,,200
AL,,,,,https://rigeo.sgb.gov.br/handle/doc/1986,,,,,200
AL,,,,,https://rigeo.sgb.gov.br/handle/doc/3113,,,,,200
AL,,,,,https://rigeo.sgb.gov.br/handle/doc/8321,,,,,200
AL,,,,,https://rigeo.sgb.gov.br/handle/doc/17082,https://rigeo.sgb.gov.br/bitstream/doc/17082/1/geologia_plataforma_brasileira.pdf,,,,200
AL,,,,,https://rigeo.sgb.gov.br/handle/doc/15238,,,,,200
AM,,,,,https://rigeo.sgb.gov.br/handle/doc/1695,,,,,200
AM,,,,,https://rigeo.sgb.gov.br/handle/doc/1693,,,,,200
AM,,,,,https://rigeo.sgb.gov.br/handle/doc/22526,https://rigeo.sgb.gov.br/bitstream/doc/22526/1/rigeo_resumo_cafe_geologico_s01e33.pdf,,,,200
AM,,,,,https://rigeo.sgb.gov.br/handle/doc/13937,,,,https://rigeo.sgb.gov.br/bitstream/doc/13937/4/geoquimica_platina_am-rr_1995.zip,200
AM,,,,,https://rigeo.sgb.gov.br/handle/doc/22563,,,https://rigeo.sgb.gov.br/bitstream/doc/22563/1/relatorio_Labrea_aterro_sanitario.pdf,,200
AM,,,,,https://rigeo.sgb.gov.br/handle/doc/22528,https://rigeo.sgb.gov.br/bitstream/doc/22528/1/rigeo_resumo_cafe_geologico_s01e31.pdf,,,,200
AM,,,,,https://rigeo.sgb.gov.br/handle/doc/7718,,,,,200
AM,,,,,https://rigeo.sgb.gov.br/handle/doc/10268,,,,,200
AM,,,,,https://rigeo.sgb.gov.br/handle/doc/14286,,,https://rigeo.sgb.gov.br/bitstream/doc/14286/1/rli_relatorio_anual_projetos_1996.pdf,https://rigeo.sgb.gov.br/bitstream/doc/14286/4/geoquimica_platina_ro_1995.zip,200
AM,,,,,https://rigeo.sgb.gov.br/handle/doc/14300,,,,,200
AP,,,,,https://rigeo.sgb.gov.br/handle/doc/1656,https://rigeo.sgb.gov.br/bitstream/doc/1656/4/Area_AP-04_Tumucumaque-Amapa.pdf,,,,200
AP,,,,,https://rigeo.sgb.gov.br/handle/doc/1659,https://rigeo.sgb.gov.br/bitstream/doc/1659/4/Area_AP-02_Tartarugalzinho-Amapa.pdf,,,,200
AP,,,,,https://rigeo.sgb.gov.br/handle/doc/1736,,,,,200
AP,,,,,https://rigeo.sgb.gov.br/handle/doc/14679,,,,,200
AP,,,,,https://rigeo.sgb.gov.br/handle/doc/1647,https://rigeo.sgb.gov.br/bitstream/doc/1647/5/Area_AP-03_Alto_Jari-Amapa_Para.pdf,,,,200
AP,,,,,https://rigeo.sgb.gov.br/handle/doc/1652,https://rigeo.sgb.gov.br/bitstream/doc/1652/4/%c3%81rea%20AP-01%2c%20Cassipor%c3%a9%2c%20Amap%c3%a1.%20Mapa%20de%20%c3%8dndice%20de%20Prospec%c3%a7%c3%a3o%20Pr%c3%a9via.pdf,,,,200
AP,,,,,https://rigeo.sgb.gov.br/handle/doc/859,,,,,200
AP,,,,,https://rigeo.sgb.gov.br/handle/doc/17689,https://rigeo.sgb.gov.br/bitstream/doc/17689/5/carta_geologica_araripina.pdf,,,https://rigeo.sgb.gov.br/bitstream/doc/17689/10/sig_araripina_vr.zip,200
AP,,,,,https://rigeo.sgb.gov.br/handle/doc/14872,,,,https://rigeo.sgb.gov.br/bitstream/doc/14872/5/imagens_macapa_ap.zip,200
AP,,,,,https://rigeo.sgb.gov.br/handle/doc/1660,https://rigeo.sgb.gov.br/bitstream/doc/1660/4/%c3%81rea%20AP-06%2c%20Vila%20Nova%2c%20Iratapuru.%20Mapa%20de%20%c3%8dndice%20de%20Prospec%c3%a7%c3%a3o%20Pr%c3%a9via.pdf,,,,200
BA,,,,,https://rigeo.sgb.gov.br/handle/doc/1638,,,,,200
BA,,,,,https://rigeo.sgb.gov.br/handle/doc/4532,,,,,200
BA,,,,,https://rigeo.sgb.gov.br/handle/doc/1731,,,,,200
BA,,,,,https://rigeo.sgb.gov.br/handle/doc/6544,,,,,200
BA,,,,,https://rigeo.sgb.gov.br/handle/doc/6141,,,,,200
BA,,,,,https://rigeo.sgb.gov.br/handle/doc/4501,,,,,200
BA,,,,,https://rigeo.sgb.gov.br/handle/doc/7065,,,,,200
BA,,,,,https://rigeo.sgb.gov.br/handle/doc/18021,,,,,200
BA,,,,,https://rigeo.sgb.gov.br/handle/doc/3273,,,,,200
BA,,,,,https://rigeo.sgb.gov.br/handle/doc/14636,,,,,200
CE,,,,,https://rigeo.sgb.gov.br/handle/doc/6849,,,,,200
CE,,,,,https://rigeo.sgb.gov.br/handle/doc/4248,,,,,200
CE,,,,,https://rigeo.sgb.gov.br/handle/doc/3165,,,,,200
CE,,,,,https://rigeo.sgb.gov.br/handle/doc/6851,,,,,200
CE,,,,,https://rigeo.sgb.gov.br/handle/doc/6850,,,,,200
CE,,,,,https://rigeo.sgb.gov.br/handle/doc/3172,,,,,200
CE,,,,,https://rigeo.sgb.gov.br/handle/doc/4244,,,,,200
CE,,,,,https://rigeo.sgb.gov.br/handle/doc/3614,,,https://rigeo.sgb.gov.br/bitstream/doc/3614/1/Relat%c3%b3rio%20Final%20do%20Po%c3%a7o%204QX-01-CE%2c%20Lagoa%20do%20Mato%2c%20Quixada%2c%20Cear%c3%a1.pdf,,200
CE,,,,,https://rigeo.sgb.gov.br/handle/doc/16508,https://rigeo.sgb.gov.br/bitstream/doc/16508/2/Mapa_SaoJoaodoPiaui.pdf,,,,200
CE,,,,,https://rigeo.sgb.gov.br/handle/doc/1648,,,,,200
DF,,,,,https://rigeo.sgb.gov.br/handle/doc/14174,https://rigeo.sgb.gov.br/bitstream/doc/14174/1/rli_geologia_depositos_carajasv2.pdf,,,,200
DF,,,,,https://rigeo.sgb.gov.br/handle/doc/13740,https://rigeo.sgb.gov.br/bitstream/doc/13740/1/rli_manual_geologia.pdf,,,,200
DF,,,,,https://rigeo.sgb.gov.br/handle/doc/2434,https://rigeo.sgb.gov.br/bitstream/doc/2434/2/geologia_depositos_carajas_v.2.pdf,,,,200
DF,,,,,https://rigeo.sgb.gov.br/handle/doc/14440,https://rigeo.sgb.gov.br/bitstream/doc/14440/1/rli_geologia_economica_projetos_especiais.pdf,,,,200
DF,,,,,https://rigeo.sgb.gov.br/handle/doc/14586,https://rigeo.sgb.gov.br/bitstream/doc/14586/4/sintese_evolucao_geologica_metalogenetica_brasil.pdf,,,,200
DF,,,,,https://rigeo.sgb.gov.br/handle/doc/14073,,,,,200
DF,,,,,https://rigeo.sgb.gov.br/handle/doc/14431,,,,,200
DF,,,,,https://rigeo.sgb.gov.br/handle/doc/22739,https://rigeo.sgb.gov.br/bitstream/doc/22739/1/manual_tecnico_geologia.pdf,,,,200
DF,,,,,https://rigeo.sgb.gov.br/handle/doc/23828,,,,,200
DF,,,,,https://rigeo.sgb.gov.br/handle/doc/4802,https://rigeo.sgb.gov.br/bitstream/doc/4802/1/Manual_de_geologia.pdf,,,,200
ES,,,,,https://rigeo.sgb.gov.br/handle/doc/22071,,,https://rigeo.sgb.gov.br/bitstream/doc/22071/1/ES_Vila_Velha_Relatorio_IDF_2017.pdf,,200
ES,,,,,https://rigeo.sgb.gov.br/handle/doc/22072,,,https://rigeo.sgb.gov.br/bitstream/doc/22072/1/ES_Vit%c3%b3ria_Relatorio_IDF_2017.pdf,,200
ES,,,,,https://rigeo.sgb.gov.br/handle/doc/17208,,,,,200
ES,,,,,https://rigeo.sgb.gov.br/handle/doc/22055,,,https://rigeo.sgb.gov.br/bitstream/doc/22055/1/ES_Cariacica_Relatorio_IDF_2017.pdf,,200
ES,,,,,https://rigeo.sgb.gov.br/handle/doc/22074,,,https://rigeo.sgb.gov.br/bitstream/doc/22074/1/ES_Linhares_Relatorio_IDF_2017.pdf,,200
ES,,,,,https://rigeo.sgb.gov.br/handle/doc/22058,,,https://rigeo.sgb.gov.br/bitstream/doc/22058/1/ES_Guacui_Relatorio_IDF_2017.pdf,,200
ES,,,,,https://rigeo.sgb.gov.br/handle/doc/22067,,,https://rigeo.sgb.gov.br/bitstream/doc/22067/1/es_santa_leopoldina_relatorio_idf_2017.pdf,,200
ES,,,,,https://rigeo.sgb.gov.br/handle/doc/22065,,,https://rigeo.sgb.gov.br/bitstream/doc/22065/1/ES_Mantenop%c3%b3lis_Relatorio_IDF_2017.pdf,,200
ES,,,,,https://rigeo.sgb.gov.br/handle/doc/22057,,,https://rigeo.sgb.gov.br/bitstream/doc/22057/1/ES_Fundao_Relatorio_IDF_2017.pdf,,200
ES,,,,,https://rigeo.sgb.gov.br/handle/doc/7584,,,,,200
GO,,,,,https://rigeo.sgb.gov.br/handle/doc/11220,,,,,200
GO,,,,,https://rigeo.sgb.gov.br/handle/doc/10566,,,,,200
GO,,,,,https://rigeo.sgb.gov.br/handle/doc/1727,,,,,200
GO,,,,,https://rigeo.sgb.gov.br/handle/doc/1723,,,,,200
GO,,,,,https://rigeo.sgb.gov.br/handle/doc/1633,,,,,200
GO,,,,,https://rigeo.sgb.gov.br/handle/doc/11089,,,,,200
GO,,,,,https://rigeo.sgb.gov.br/handle/doc/11088,,,,,200
GO,,,,,https://rigeo.sgb.gov.br/handle/doc/17998,,,,,200
GO,,,,,https://rigeo.sgb.gov.br/handle/doc/14301,,,,https://rigeo.sgb.gov.br/bitstream/doc/14301/4/geoquimica_platina_go-to_1994.zip,200
GO,,,,,https://rigeo.sgb.gov.br/handle/doc/14287,,,,https://rigeo.sgb.gov.br/bitstream/doc/14287/4/geoquimica_platina_go-to_1994.zip,200
MA,,,,,https://rigeo.sgb.gov.br/handle/doc/6214,,,,,200
MA,,,,,https://rigeo.sgb.gov.br/handle/doc/6213,,,,,200
MA,,,,,https://rigeo.sgb.gov.br/handle/doc/6212,,,,,200
MA,,,,,https://rigeo.sgb.gov.br/handle/doc/14141,,,https://rigeo.sgb.gov.br/bitstream/doc/14141/1/rli_relatorio_tecnico_anual_1996.pdf,,200
MA,,,,,https://rigeo.sgb.gov.br/handle/doc/3960,,,,,200
MA,,,,,https://rigeo.sgb.gov.br/handle/doc/5157,,,,,200
MA,,,,,https://rigeo.sgb.gov.br/handle/doc/8390,,,,,200
MA,,,,,https://rigeo.sgb.gov.br/handle/doc/3372,,,,,200
MA,,,,,https://rigeo.sgb.gov.br/handle/doc/14335,,,,https://rigeo.sgb.gov.br/bitstream/doc/14335/4/geoquimica_platina_piaui_maranhao_1983.zip,200
MA,,,,,https://rigeo.sgb.gov.br/handle/doc/14312,,,,,200
MG,,,,,https://rigeo.sgb.gov.br/handle/doc/17284,,,,,200
MG,,,,,https://rigeo.sgb.gov.br/handle/doc/5152,,,,,200
MG,,,,,https://rigeo.sgb.gov.br/handle/doc/1675,,,,,200
MG,,,,,https://rigeo.sgb.gov.br/handle/doc/8643,,,,,200
MG,,,,,https://rigeo.sgb.gov.br/handle/doc/8722,,,,,200
MG,,,,,https://rigeo.sgb.gov.br/handle/doc/14327,,,,https://rigeo.sgb.gov.br/bitstream/doc/14327/4/geoquimica_platina_minas_gerais_1994.zip,200
MG,,,,,https://rigeo.sgb.gov.br/handle/doc/7536,,,,,200
MG,,,,,https://rigeo.sgb.gov.br/handle/doc/14680,,,,,200
MG,,,,,https://rigeo.sgb.gov.br/handle/doc/25078,,,,,200
MG,,,,,https://rigeo.sgb.gov.br/handle/doc/1196,,,,,200
MS,,,,,https://rigeo.sgb.gov.br/handle/doc/14214,,,https://rigeo.sgb.gov.br/bitstream/doc/14214/1/rli_relatorio_campo_bodoquena.pdf,,200
MS,,,,,https://rigeo.sgb.gov.br/handle/doc/3048,,,,,200
MS,,,,,https://rigeo.sgb.gov.br/handle/doc/25263,,,,,200
MS,,,,,https://rigeo.sgb.gov.br/handle/doc/15470,,,,,200
MS,,,,,https://rigeo.sgb.gov.br/handle/doc/25471,,,,,200
MS,,,,,https://rigeo.sgb.gov.br/handle/doc/22087,,,https://rigeo.sgb.gov.br/bitstream/doc/22087/1/MS_Miranda_Relatorio_IDF_2017.pdf,,200
MS,,,,,https://rigeo.sgb.gov.br/handle/doc/15487,,,,,200
MS,,,,,https://rigeo.sgb.gov.br/handle/doc/22085,,,,,200
MS,,,,,https://rigeo.sgb.gov.br/handle/doc/804,,,,,200
MS,,,,,https://rigeo.sgb.gov.br/handle/doc/6072,,,,,200
MT,,,,,https://rigeo.sgb.gov.br/handle/doc/13925,,,,https://rigeo.sgb.gov.br/bitstream/doc/13925/4/geoquimica_platina_mt_1995.zip,200
MT,,,,,https://rigeo.sgb.gov.br/handle/doc/1694,,,,,200
MT,,,,,https://rigeo.sgb.gov.br/handle/doc/14684,,,,,200
MT,,,,,https://rigeo.sgb.gov.br/handle/doc/1642,,,,,200
MT,,,,,https://rigeo.sgb.gov.br/handle/doc/14302,,,,https://rigeo.sgb.gov.br/bitstream/doc/14302/4/geoquimica_platina_mt_1995.zip,200
MT,,,,,https://rigeo.sgb.gov.br/handle/doc/14288,,,,https://rigeo.sgb.gov.br/bitstream/doc/14288/4/geoquimica_platina_mt_1995.zip,200
MT,,,,,https://rigeo.sgb.gov.br/handle/doc/14394,,,,,200
MT,,,,,https://rigeo.sgb.gov.br/handle/doc/14374,,,,,200
MT,,,,,https://rigeo.sgb.gov.br/handle/doc/6062,,,,,200
MT,,,,,https://rigeo.sgb.gov.br/handle/doc/8099,,,,,200
PA,,,,,https://rigeo.sgb.gov.br/handle/doc/6214,,,,,200
PA,,,,,https://rigeo.sgb.gov.br/handle/doc/6213,,,,,200
PA,,,,,https://rigeo.sgb.gov.br/handle/doc/17284,,,,,200
PA,,,,,https://rigeo.sgb.gov.br/handle/doc/6212,,,,,200
PA,,,,,https://rigeo.sgb.gov.br/handle/doc/1673,,,,,200
PA,,,,,https://rigeo.sgb.gov.br/handle/doc/1733,,,,,200
PA,,,,,https://rigeo.sgb.gov.br/handle/doc/1687,,,,,200
PA,,,,,https://rigeo.sgb.gov.br/handle/doc/22785,,,,,200
PA,,,,,https://rigeo.sgb.gov.br/handle/doc/5152,,,,,200
PA,,,,,https://rigeo.sgb.gov.br/handle/doc/3960,,,,,200
PB,,,,,https://rigeo.sgb.gov.br/handle/doc/11168,,,,,200
PB,,,,,https://rigeo.sgb.gov.br/handle/doc/912,,,,https://rigeo.sgb.gov.br/bitstream/doc/912/1/evento_239_sasig.pdf,200
PB,,,,,https://rigeo.sgb.gov.br/handle/doc/13690,,,,,200
PB,,,,,https://rigeo.sgb.gov.br/handle/doc/15967,,,,,200
PB,,,,,https://rigeo.sgb.gov.br/handle/doc/17109,,,,,200
PB,,,,,https://rigeo.sgb.gov.br/handle/doc/4021,,,,https://rigeo.sgb.gov.br/bitstream/doc/4021/14/geoquimica_leste_da_paraiba_e_rio_grande_do_norte_1974_vr1.zip,200
PB,,,,,https://rigeo.sgb.gov.br/handle/doc/3042,,,,https://rigeo.sgb.gov.br/bitstream/doc/3042/8/geoquimica_ouro_de_pe_pb_1981_vr1.zip,200
PB,,,,,https://rigeo.sgb.gov.br/handle/doc/8243,,,,,200
PB,,,,,https://rigeo.sgb.gov.br/handle/doc/690,,,,,200
PB,,,,,https://rigeo.sgb.gov.br/handle/doc/581,,,,,200
PE,,,,,https://rigeo.sgb.gov.br/handle/doc/8252,,,,,200
PE,,,,,https://rigeo.sgb.gov.br/handle/doc/3426,,,,,200
PE,,,,,https://rigeo.sgb.gov.br/handle/doc/3211,,,,,200
PE,,,,,https://rigeo.sgb.gov.br/handle/doc/1684,,,,,200
PE,,,,,https://rigeo.sgb.gov.br/handle/doc/16684,,,https://rigeo.sgb.gov.br/bitstream/doc/16684/1/relatorio03a02.pdf,,200
PE,,,,,https://rigeo.sgb.gov.br/handle/doc/2435,,,,,200
PE,,,,,https://rigeo.sgb.gov.br/handle/doc/3042,,,,https://rigeo.sgb.gov.br/bitstream/doc/3042/8/geoquimica_ouro_de_pe_pb_1981_vr1.zip,200
PE,,,,,https://rigeo.sgb.gov.br/handle/doc/8243,,,,,200
PE,,,,,https://rigeo.sgb.gov.br/handle/doc/3266,,,,,200
PE,,,,,https://rigeo.sgb.gov.br/handle/doc/4764,,,,,200
PI,,,,,https://rigeo.sgb.gov.br/handle/doc/14141,,,https://rigeo.sgb.gov.br/bitstream/doc/14141/1/rli_relatorio_tecnico_anual_1996.pdf,,200
PI,,,,,https://rigeo.sgb.gov.br/handle/doc/14553,,,,,200
PI,,,,,https://rigeo.sgb.gov.br/handle/doc/5158,,,,,200
PI,,,,,https://rigeo.sgb.gov.br/handle/doc/2552,,,,,200
PI,,,,,https://rigeo.sgb.gov.br/handle/doc/3166,,,,,200
PI,,,,,https://rigeo.sgb.gov.br/handle/doc/3618,,,https://rigeo.sgb.gov.br/bitstream/doc/3618/1/Relat%c3%b3rio%20Final%20do%20Po%c3%a7o%204RD--04-PI%2c%20Rio%20Grande.pdf,,200
PI,,,,,https://rigeo.sgb.gov.br/handle/doc/8390,,,,,200
PI,,,,,https://rigeo.sgb.gov.br/handle/doc/3615,,,https://rigeo.sgb.gov.br/bitstream/doc/3615/1/Relat%c3%b3rio%20Final%20do%20Po%c3%a7o%204ME-04-PI%2c%20Manoel%20Emidio.pdf,,200
PI,,,,,https://rigeo.sgb.gov.br/handle/doc/6216,,,,,200
PI,,,,,https://rigeo.sgb.gov.br/handle/doc/3617,,,https://rigeo.sgb.gov.br/bitstream/doc/3617/1/Relat%c3%b3rio%20Final%20do%20Po%c3%a7o%204FE-02-PI%2c%20Flores%2c%20Piau%c3%ad..pdf,,200
PR,,,,,https://rigeo.sgb.gov.br/handle/doc/14305,,,,https://rigeo.sgb.gov.br/bitstream/doc/14305/4/geoquimica_platina_sao_paulo-parana_1992.zip,200
PR,,,,,https://rigeo.sgb.gov.br/handle/doc/1685,,,,,200
PR,,,,,https://rigeo.sgb.gov.br/handle/doc/14309,,,,,200
PR,,,,,https://rigeo.sgb.gov.br/handle/doc/13941,,,,https://rigeo.sgb.gov.br/bitstream/doc/13941/4/geoquimica_platina_sao_paulo-parana_1992.zip,200
PR,,,,,https://rigeo.sgb.gov.br/handle/doc/23598,,,https://rigeo.sgb.gov.br/bitstream/doc/23598/1/pr_pinhais_relatorio_idf_2014.pdf,,200
PR,,,,,https://rigeo.sgb.gov.br/handle/doc/23600,,,https://rigeo.sgb.gov.br/bitstream/doc/23600/1/pr_curitiba_relatorio_idf_2014.pdf,,200
PR,,,,,https://rigeo.sgb.gov.br/handle/doc/7720,,,,,200
PR,,,,,https://rigeo.sgb.gov.br/handle/doc/10536,,,,,200
PR,,,,,https://rigeo.sgb.gov.br/handle/doc/14286,,,https://rigeo.sgb.gov.br/bitstream/doc/14286/1/rli_relatorio_anual_projetos_1996.pdf,https://rigeo.sgb.gov.br/bitstream/doc/14286/4/geoquimica_platina_ro_1995.zip,200
PR,,,,,https://rigeo.sgb.gov.br/handle/doc/11217,,,,,200
RJ,,,,,https://rigeo.sgb.gov.br/handle/doc/23724,,,https://rigeo.sgb.gov.br/bitstream/doc/23724/1/rj_sumidouro_relatorio_idf_2015.pdf,,200
RJ,,,,,https://rigeo.sgb.gov.br/handle/doc/5856,,,,,200
RJ,,,,,https://rigeo.sgb.gov.br/handle/doc/17208,,,,,200
RJ,,,,,https://rigeo.sgb.gov.br/handle/doc/23698,,,https://rigeo.sgb.gov.br/bitstream/doc/23698/1/rj_guapimirim_relatorio_idf_2013.pdf,,200
RJ,,,,,https://rigeo.sgb.gov.br/handle/doc/23721,,,https://rigeo.sgb.gov.br/bitstream/doc/23721/1/rj_sapucaia_relatorio_idf_2013.pdf,,200
RJ,,,,,https://rigeo.sgb.gov.br/handle/doc/23718,,,https://rigeo.sgb.gov.br/bitstream/doc/23718/1/rj_paracambi_relatorio_idf_2013.pdf,,200
RJ,,,,,https://rigeo.sgb.gov.br/handle/doc/23719,,,https://rigeo.sgb.gov.br/bitstream/doc/23719/1/rj_sao_goncalo_relatorio_idf_2013.pdf,,200
RJ,,,,,https://rigeo.sgb.gov.br/handle/doc/22850,,,https://rigeo.sgb.gov.br/bitstream/doc/22850/1/RJ-CamposDosGoytacazes-relatorio_IDF_2013.pdf,,200
RJ,,,,,https://rigeo.sgb.gov.br/handle/doc/23734,,,https://rigeo.sgb.gov.br/bitstream/doc/23734/1/rj_niteroi_relatorio_idf_2013.pdf,,200
RJ,,,,,https://rigeo.sgb.gov.br/handle/doc/22853,,,https://rigeo.sgb.gov.br/bitstream/doc/22853/1/RJ-Porciuncula-relatorio_IDF_2015.pdf,,200
RN,,,,,https://rigeo.sgb.gov.br/handle/doc/5814,,,,,200
RN,,,,,https://rigeo.sgb.gov.br/handle/doc/8368,,,,,200
RN,,,,,https://rigeo.sgb.gov.br/handle/doc/3464,,,,,200
RN,,,,,https://rigeo.sgb.gov.br/handle/doc/3473,,,,,200
RN,,,,,https://rigeo.sgb.gov.br/handle/doc/5347,,,,,200
RN,,,,,https://rigeo.sgb.gov.br/handle/doc/6348,,,https://rigeo.sgb.gov.br/bitstream/doc/6348/1/Relat%c3%b3rio%20Final%20do%20Po%c3%a7o%204MO-29-RN.pdf,,200
RN,,,,,https://rigeo.sgb.gov.br/handle/doc/3801,,,https://rigeo.sgb.gov.br/bitstream/doc/3801/1/Relat%c3%b3rio%20Final%20do%20Po%c3%a7o%204-MO-30-RN.pdf,,200
RN,,,,,https://rigeo.sgb.gov.br/handle/doc/3390,,,https://rigeo.sgb.gov.br/bitstream/doc/3390/1/Relat%c3%b3rio%20Final%20do%20Po%c3%a7o%204MO-27-RN%2c%20Fazenda%20Maisa.pdf,,200
RN,,,,,https://rigeo.sgb.gov.br/handle/doc/3388,,,,,200
RN,,,,,https://rigeo.sgb.gov.br/handle/doc/5991,,,,,200
RO,,,,,https://rigeo.sgb.gov.br/handle/doc/3749,,,,,200
RO,,,,,https://rigeo.sgb.gov.br/handle/doc/6462,,,,,200
RO,,,,,https://rigeo.sgb.gov.br/handle/doc/6422,,,,,200
RO,,,,,https://rigeo.sgb.gov.br/handle/doc/8322,,,,,200
RO,,,,,https://rigeo.sgb.gov.br/handle/doc/1643,,,,,200
RO,,,,,https://rigeo.sgb.gov.br/handle/doc/1634,,,,,200
RO,,,,,https://rigeo.sgb.gov.br/handle/doc/1679,,,,,200
RO,,,,,https://rigeo.sgb.gov.br/handle/doc/6244,,,https://rigeo.sgb.gov.br/bitstream/doc/6244/1/Relat%c3%b3rio%20Final%20do%20Po%c3%a7o%2003AR-03-RO.pdf,,200
RO,,,,,https://rigeo.sgb.gov.br/handle/doc/3666,,,https://rigeo.sgb.gov.br/bitstream/doc/3666/1/Relat%c3%b3rio%20Final%20do%20Po%c3%a7o%2003PM-01-RO.pdf,,200
RO,,,,,https://rigeo.sgb.gov.br/handle/doc/3642,,,https://rigeo.sgb.gov.br/bitstream/doc/3642/1/Relat%c3%b3rio%20Final%20do%20Po%c3%a7o%2003PM-02-RO.pdf,,200
RR,,,,,https://rigeo.sgb.gov.br/handle/doc/14300,,,,,200
RR,,,,,https://rigeo.sgb.gov.br/handle/doc/13937,,,,https://rigeo.sgb.gov.br/bitstream/doc/13937/4/geoquimica_platina_am-rr_1995.zip,200
RR,,,,,https://rigeo.sgb.gov.br/handle/doc/1646,,,,,200
RR,,,,,https://rigeo.sgb.gov.br/handle/doc/1692,,,,,200
RR,,,,,https://rigeo.sgb.gov.br/handle/doc/1696,,,,,200
RR,,,,,https://rigeo.sgb.gov.br/handle/doc/1697,,,,,200
RR,,,,,https://rigeo.sgb.gov.br/handle/doc/1680,,,,,200
RR,,,,,https://rigeo.sgb.gov.br/handle/doc/14286,,,https://rigeo.sgb.gov.br/bitstream/doc/14286/1/rli_relatorio_anual_projetos_1996.pdf,https://rigeo.sgb.gov.br/bitstream/doc/14286/4/geoquimica_platina_ro_1995.zip,200
RR,,,,,https://rigeo.sgb.gov.br/handle/doc/17750,https://rigeo.sgb.gov.br/bitstream/doc/17750/5/carta_geologica_entre_rios_de_minas.pdf,,,https://rigeo.sgb.gov.br/bitstream/doc/17750/9/sig_entre_rios_de_minas_vr.zip,200
RR,,,,,https://rigeo.sgb.gov.br/handle/doc/23869,,,,,200
RS,,,,,https://rigeo.sgb.gov.br/handle/doc/25083,,,,,200
RS,,,,,https://rigeo.sgb.gov.br/handle/doc/25084,,,,,200
RS,,,,,https://rigeo.sgb.gov.br/handle/doc/1594,,,,https://rigeo.sgb.gov.br/bitstream/doc/1594/4/geoquimica_ouro_RS_SC_PNPO_area_RS-01.zip,200
RS,,,,,https://rigeo.sgb.gov.br/handle/doc/1590,,,,https://rigeo.sgb.gov.br/bitstream/doc/1590/4/geoquimica_ouro_RS_SC_PNPO_area_RS-01.zip,200
RS,,,,,https://rigeo.sgb.gov.br/handle/doc/1588,,,,https://rigeo.sgb.gov.br/bitstream/doc/1588/4/geoquimica_ouro_RS_SC_PNPO_area_RS-01.zip,200
RS,,,,,https://rigeo.sgb.gov.br/handle/doc/1595,,,,https://rigeo.sgb.gov.br/bitstream/doc/1595/4/geoquimica_ouro_RS_SC_PNPO_area_RS-01.zip,200
RS,,,,,https://rigeo.sgb.gov.br/handle/doc/14334,,,,https://rigeo.sgb.gov.br/bitstream/doc/14334/4/geoquimica_platina_rs_sc_1993.zip,200
RS,,,,,https://rigeo.sgb.gov.br/handle/doc/13917,,,,https://rigeo.sgb.gov.br/bitstream/doc/13917/4/geoquimica_platina_rs_sc_1993.zip,200
RS,,,,,https://rigeo.sgb.gov.br/handle/doc/8437,https://rigeo.sgb.gov.br/bitstream/doc/8437/1/Geologia_Xangri-la.pdf,,,,200
RS,,,,,https://rigeo.sgb.gov.br/handle/doc/1591,,,,https://rigeo.sgb.gov.br/bitstream/doc/1591/4/geoquimica_ouro_RS_SC_PNPO_area_RS-01.zip,200
SC,,,,,https://rigeo.sgb.gov.br/handle/doc/6104,,,,,200
SC,,,,,https://rigeo.sgb.gov.br/handle/doc/3379,,,,,200
SC,,,,,https://rigeo.sgb.gov.br/handle/doc/2796,,,,,200
SC,,,,,https://rigeo.sgb.gov.br/handle/doc/8208,,,,,200
SC,,,,,https://rigeo.sgb.gov.br/handle/doc/8331,,,,,200
SC,,,,,https://rigeo.sgb.gov.br/handle/doc/9367,,,,,200
SC,,,,,https://rigeo.sgb.gov.br/handle/doc/9284,,,,,200
SC,,,,,https://rigeo.sgb.gov.br/handle/doc/5399,,,,,200
SC,,,,,https://rigeo.sgb.gov.br/handle/doc/22529,https://rigeo.sgb.gov.br/bitstream/doc/22529/15/carta_geologica_SC.21-Y-A-VI_vf.pdf,,,https://rigeo.sgb.gov.br/bitstream/doc/22529/10/geoquimica_subarea_filadelfia.zip,200
SC,,,,,https://rigeo.sgb.gov.br/handle/doc/7397,,,,,200
SE,,,,,https://rigeo.sgb.gov.br/handle/doc/6364,,,,,200
SE,,,,,https://rigeo.sgb.gov.br/handle/doc/9929,,,,,200
SE,,,,,https://rigeo.sgb.gov.br/handle/doc/9259,,,,,200
SE,,,,,https://rigeo.sgb.gov.br/handle/doc/8904,,,,,200
SE,,,,,https://rigeo.sgb.gov.br/handle/doc/8505,https://rigeo.sgb.gov.br/bitstream/doc/8505/1/Geologia_Serra_Amolar.pdf,,,,200
SE,,,,,https://rigeo.sgb.gov.br/handle/doc/8425,,,,,200
SE,,,,,https://rigeo.sgb.gov.br/handle/doc/8648,,,,,200
SE,,,,,https://rigeo.sgb.gov.br/handle/doc/8414,,,,,200
SE,,,,,https://rigeo.sgb.gov.br/handle/doc/8408,,,,,200
SE,,,,,https://rigeo.sgb.gov.br/handle/doc/8870,,,,,200
SP,,,,,https://rigeo.sgb.gov.br/handle/doc/14305,,,,https://rigeo.sgb.gov.br/bitstream/doc/14305/4/geoquimica_platina_sao_paulo-parana_1992.zip,200
SP,,,,,https://rigeo.sgb.gov.br/handle/doc/22926,,,,,200
SP,,,,,https://rigeo.sgb.gov.br/handle/doc/24354,,,,,200
SP,,,,,https://rigeo.sgb.gov.br/handle/doc/6499,,,,,200
SP,,,,,https://rigeo.sgb.gov.br/handle/doc/13690,,,,,200
SP,,,,,https://rigeo.sgb.gov.br/handle/doc/18148,,,,,200
SP,,,,,https://rigeo.sgb.gov.br/handle/doc/14309,,,,,200
SP,,,,,https://rigeo.sgb.gov.br/handle/doc/13941,,,,https://rigeo.sgb.gov.br/bitstream/doc/13941/4/geoquimica_platina_sao_paulo-parana_1992.zip,200
SP,,,,,https://rigeo.sgb.gov.br/handle/doc/8121,,,,,200
SP,,,,,https://rigeo.sgb.gov.br/handle/doc/22109,,,https://rigeo.sgb.gov.br/bitstream/doc/22109/1/sp_aluminio_relatorio_idf_2019.pdf,,200
TO,,,,,https://rigeo.sgb.gov.br/handle/doc/14174,https://rigeo.sgb.gov.br/bitstream/doc/14174/1/rli_geologia_depositos_carajasv2.pdf,,,,200
TO,,,,,https://rigeo.sgb.gov.br/handle/doc/13740,https://rigeo.sgb.gov.br/bitstream/doc/13740/1/rli_manual_geologia.pdf,,,,200
TO,,,,,https://rigeo.sgb.gov.br/handle/doc/2434,https://rigeo.sgb.gov.br/bitstream/doc/2434/2/geologia_depositos_carajas_v.2.pdf,,,,200
TO,,,,,https://rigeo.sgb.gov.br/handle/doc/25019,https://rigeo.sgb.gov.br/bitstream/doc/25019/1/maia_contribuicao_geologia_alto_solimoes.pdf,,,,200
TO,,,,,https://rigeo.sgb.gov.br/handle/doc/22739,https://rigeo.sgb.gov.br/bitstream/doc/22739/1/manual_tecnico_geologia.pdf,,,,200
TO,,,,,https://rigeo.sgb.gov.br/handle/doc/24977,https://rigeo.sgb.gov.br/bitstream/doc/24977/1/rel_geologia_recmin_parana.pdf,,,,200
TO,,,,,https://rigeo.sgb.gov.br/handle/doc/17161,,,,,200
TO,,,,,https://rigeo.sgb.gov.br/handle/doc/17169,,,,,200
TO,,,,,https://rigeo.sgb.gov.br/handle/doc/4802,https://rigeo.sgb.gov.br/bitstream/doc/4802/1/Manual_de_geologia.pdf,,,,200
TO,,,,,https://rigeo.sgb.gov.br/handle/doc/14440,https://rigeo.sgb.gov.br/bitstream/doc/14440/1/rli_geologia_economica_projetos_especiais.pdf,,,,200
